<?xml version='1.0' encoding='utf-8' standalone='yes' ?>
<map>
    <long name="first_open_time" value="1759542912919" />
    <string name="gmp_app_id">1:800795916999:android:deb9c2753c590dc4</string>
    <string name="app_instance_id">bf7d589a51c2ce94bd1807040e781ccc</string>
    <long name="session_id" value="1759552987" />
    <boolean name="app_backgrounded" value="true" />
    <long name="health_monitor:start" value="1759542913461" />
    <boolean name="use_service" value="true" />
    <boolean name="deferred_analytics_collection" value="false" />
    <string name="previous_os_version">11</string>
    <boolean name="has_been_opened" value="true" />
    <boolean name="allow_remote_dynamite" value="true" />
    <long name="last_pause_time" value="1759552987690" />
    <boolean name="start_new_session" value="false" />
</map>
