<?xml version='1.0' encoding='utf-8' standalone='yes' ?>
<map>
    <string name="subscriber_url_format">https://app-10.engage.jio.com/v1/subscriber/app/%s</string>
    <string name="url_tracking_rest_service_format">https://app-10.engage.jio.com/t/%s/user/%s/data</string>
    <string name="default_retry_after">600</string>
    <string name="config_daily_ads_download">14:09</string>
    <string name="url_terms_and_conditions">http://www.jio.com/en-in/terms-conditions</string>
    <string name="url_identity_get_bearer_token">https://app-10.engage.jio.com/v1/oauth2/token</string>
    <string name="realtime_campaign_display_tolerance_secs">3</string>
    <string name="madme_soap_schema_url">schema://mad-me/blob/main</string>
    <string name="url_engine_ws">https://app-10.engage.jio.com/engine-ws/</string>
    <string name="soc_audio_cue_enabled">true</string>
    <string name="allow_ads_download_when_connectivity_mobile_roaming">true</string>
    <string name="min_ad_view_time_ms">250</string>
    <string name="url_user_app_tracking_rest_service">https://app-10.engage.jio.com/t/user</string>
    <string name="url_tracking_rest_service_v2">https://app-10.engage.jio.com/t/v2/user/%s/data</string>
    <string name="url_survey_response_base">https://app-10.engage.jio.com/</string>
    <string name="survey_version">v2</string>
    <string name="url_subscriber_ws">https://app-10.engage.jio.com/subscriber-ws/</string>
    <string name="intermediate_notification_delay_secs">-1</string>
    <string name="ad_delay_timer_default">1080</string>
    <string name="url_event_tracking_rest_service_format">https://app-10.engage.jio.com/t/%s/e</string>
    <string name="url_event_tracking_rest_service">https://app-10.engage.jio.com/t/v2/e</string>
    <string name="enable_heads_up_notifications">true</string>
    <string name="wrapper_notifications_for">55</string>
</map>
