<?xml version='1.0' encoding='utf-8' standalone='yes' ?>
<map>
    <long name="fire-count" value="1" />
    <string name="last-used-date">2025-10-04</string>
    <long name="fire-global" value="1759541796509" />
    <set name="fire-cls/19.0.3 fire-installations/18.0.0 device-brand/Infinix android-min-sdk/23 fire-rc/22.0.0 kotlin/2.0.0 fire-abt/21.1.1 device-name/X675-GL android-installer/com.android.vending fire-core/21.0.0 fire-android/30 fire-core-ktx/21.0.0 fire-perf/21.0.1 fire-analytics-ktx/22.0.2 fire-analytics/22.0.2 device-model/Infinix-X675 android-platform/ fire-cfg-ktx/22.0.0 fire-fcm/24.0.0 fire-sessions/2.0.3 fire-transport/19.0.0 android-target-sdk/34">
        <string>2025-10-04</string>
    </set>
</map>
