<?xml version='1.0' encoding='utf-8' standalone='yes' ?>
<map>
    <string name="userLangPref">1,6,12</string>
    <string name="contentLangIP">Bhojpuri</string>
    <boolean name="pref_volume" value="true" />
    <boolean name="first_time_navigation_open" value="true" />
    <string name="phoneNumber">8766473172</string>
    <int name="MEDIA_SELECTION_INDEX" value="-1" />
    <boolean name="first_time_video_open" value="true" />
    <int name="MEDIA_GROUP_INDEX" value="-1" />
    <boolean name="MAP_KEY_SESSION" value="true" />
    <string name="fcmtoken">dlq35qM2QZakYraY_vyjg1:APA91bHd2aGrWOZMBf5TW-gjUZ2419ipjfkKbvuqV8U3gjNNHaxhX6vAoZ5l2-hCs_K1pNnUGQBuHlMrfEc6dUwuMT-T74m8D5Cb6rVQC1Xr8PVIbEjJSpI</string>
    <boolean name="program_detail_already" value="true" />
    <string name="COUPON_DATA"></string>
</map>
