<?xml version='1.0' encoding='utf-8' standalone='yes' ?>
<map>
    <string name="userLangPref">7</string>
    <string name="phoneNumber">7355882414</string>
    <boolean name="pref_volume" value="true" />
    <boolean name="first_time_navigation_open" value="true" />
    <int name="MEDIA_SELECTION_INDEX" value="-1" />
    <boolean name="first_time_video_open" value="true" />
    <int name="MEDIA_GROUP_INDEX" value="-1" />
    <long name="OPTIONAL_UPGRADES_TIME" value="1729686493000" />
    <string name="fcmtoken">cZNYm__DRNOqcRvOBdeob9:APA91bGMq4H9nz0L7_L2oVJgZx27bLm-ArmCFxYKd8CWHTIv-PN6RRMKT23Fc4fYw1a_w1-gyBzFgb_s6e8j-M7ROxZY3D4GW9uYBIe2Ugra8DJf8DPu4vo</string>
    <boolean name="program_detail_already" value="true" />
</map>
