<?xml version='1.0' encoding='utf-8' standalone='yes' ?>
<map>
    <string name="userLangPref">1,6,12</string>
    <string name="contentLangIP">Bhojpuri</string>
    <boolean name="pref_volume" value="true" />
    <string name="phoneNumber">8766473172</string>
    <boolean name="first_time_navigation_open" value="true" />
    <boolean name="first_time_video_open" value="true" />
    <boolean name="MAP_KEY_SESSION" value="true" />
    <string name="fcmtoken">eBpk6nZfSlWUsHSNEJp6fe:APA91bHUhU9orLLxbV1gnOSzkAPpsFomR5ps2ekTGLk5Bq2CA1f7F8MgOkLyWht6BpjKIqTaSLoNivC04p_phMGQK4_WYX8zaPieCOr5-WaJAcStEP_n0k0</string>
    <boolean name="program_detail_already" value="true" />
    <string name="COUPON_DATA"></string>
</map>
