<?xml version='1.0' encoding='utf-8' standalone='yes' ?>
<map>
    <string name="AS3">5</string>
    <string name="AS4">0</string>
    <string name="AS6">300</string>
    <string name="AS7">1729685484700</string>
    <string name="AS17">0</string>
    <string name="AS33">GOT_TOKEN</string>
    <string name="AS31">0</string>
    <string name="AS32">cZNYm__DRNOqcRvOBdeob9:APA91bGMq4H9nz0L7_L2oVJgZx27bLm-ArmCFxYKd8CWHTIv-PN6RRMKT23Fc4fYw1a_w1-gyBzFgb_s6e8j-M7ROxZY3D4GW9uYBIe2Ugra8DJf8DPu4vo</string>
    <string name="SS1">74b55565fcbb4b428e1db81716864185</string>
    <string name="SS0">1</string>
    <string name="AS30">1</string>
    <string name="SS3">50</string>
    <string name="PROFILE_UPDATED">true</string>
    <string name="SS2">100</string>
    <string name="SS5">15</string>
    <string name="SS4">50</string>
    <string name="SS6">3552874572</string>
    <string name="SS9">3552874622</string>
    <string name="SS10">auto advertiser id user</string>
    <string name="SS8">2f9190ce-4d95-479b-89b7-c45da6044730</string>
    <string name="SS17">0</string>
    <string name="SS13">aabd787045744ef6ad5370fd4a569ff3</string>
    <string name="SS14">fd15e1c8afb44a2f86f23309c3cfa6c9</string>
    <string name="SS11">1652198784236</string>
    <string name="SS12">4</string>
    <string name="CMS8"></string>
    <string name="CMS7">false</string>
    <string name="CMS6"></string>
    <string name="CMS5"></string>
    <string name="CMS4"></string>
    <boolean name="mgrtd" value="true" />
    <string name="AS0">3</string>
    <string name="AS1">1</string>
</map>
