<?xml version='1.0' encoding='utf-8' standalone='yes' ?>
<map>
    <string name="device_id_new">4KCEUOl17x21UApig3KJgFyJnienvB1gnXph5GTxFn8%3D</string>
    <long name="lastActiveTime" value="1652198771077" />
    <string name="user_type">free</string>
    <int name="app_version" value="4000039" />
    <string name="session_referrer"></string>
    <int name="expiration_time" value="0" />
    <string name="advertising_id">2f9190ce-4d95-479b-89b7-c45da6044730</string>
    <string name="sessionid">4KCEUOl17x21UApig3KJgFyJnienvB1gnXph5GTxFn8%3D.1652198769</string>
    <int name="user_state" value="1" />
</map>
