<?xml version='1.0' encoding='utf-8' standalone='yes' ?>
<map>
    <string name="cachedGUIDsKey:877-958-874Z">{&quot;Identity_YW5pbHNhaF8wNTY=&quot;:&quot;__9ed0e7b0e6934e5b98c6cd21a4a25abc&quot;}</string>
    <string name="deviceId:877-958-874Z">__9ed0e7b0e6934e5b98c6cd21a4a25abc</string>
    <int name="imc:__9ed0e7b0e6934e5b98c6cd21a4a25abc:877-958-874Z" value="1" />
    <int name="istc_inapp:__9ed0e7b0e6934e5b98c6cd21a4a25abc:877-958-874Z" value="0" />
    <int name="sexe:877-958-874Z" value="1759548343" />
    <int name="istmcd_inapp:__9ed0e7b0e6934e5b98c6cd21a4a25abc:877-958-874Z" value="10" />
    <boolean name="NetworkInfo:877-958-874Z" value="true" />
    <int name="lastSessionId:877-958-874Z" value="1759548274" />
    <string name="fcm_token:877-958-874Z">dlq35qM2QZakYraY_vyjg1:APA91bHd2aGrWOZMBf5TW-gjUZ2419ipjfkKbvuqV8U3gjNNHaxhX6vAoZ5l2-hCs_K1pNnUGQBuHlMrfEc6dUwuMT-T74m8D5Cb6rVQC1Xr8PVIbEjJSpI</string>
    <string name="instance:877-958-874Z">{&quot;accountId&quot;:&quot;877-958-874Z&quot;,&quot;accountToken&quot;:&quot;b5c-aab&quot;,&quot;accountRegion&quot;:&quot;in1&quot;,&quot;analyticsOnly&quot;:false,&quot;isDefaultInstance&quot;:true,&quot;useGoogleAdId&quot;:false,&quot;disableAppLaunchedEvent&quot;:false,&quot;personalization&quot;:true,&quot;debugLevel&quot;:0,&quot;createdPostAppLaunch&quot;:false,&quot;sslPinning&quot;:false,&quot;backgroundSync&quot;:true,&quot;getEnableCustomCleverTapId&quot;:false,&quot;beta&quot;:false,&quot;allowedPushTypes&quot;:[&quot;FCM&quot;,&quot;XPS&quot;,&quot;HPS&quot;,&quot;BPS&quot;,&quot;ADM&quot;],&quot;encryptionLevel&quot;:0}</string>
    <int name="pfjobid" value="-1363249781" />
    <string name="SP_KEY_PROFILE_IDENTITIES:877-958-874Z">Email,Identity</string>
    <int name="comms_first_ts:877-958-874Z" value="1759542917" />
    <string name="ict_date:__9ed0e7b0e6934e5b98c6cd21a4a25abc:877-958-874Z">04102025</string>
    <int name="comms_last_ts:877-958-874Z" value="1759548344" />
    <long name="last_assets_cleanup" value="1759542918160" />
</map>
