<?xml version='1.0' encoding='utf-8' standalone='yes' ?>
<map>
    <int name="sv" value="40400" />
    <int name="dh" value="328192102" />
    <int name="wdt" value="2" />
    <int name="d_ts" value="1759388071" />
    <int name="hgt" value="5" />
    <string name="av">7.1.6</string>
    <int name="v" value="2" />
    <int name="e_ts" value="0" />
    <string name="j_n">ZGxmeAEFBA1v</string>
    <string name="i_n">ZG1reQQGAAdl</string>
    <int name="r_ts" value="1759388098" />
    <string name="id">877-958-874Z</string>
    <string name="k_n">DHgxJl5Df04SLR8xGi0fIXMEfGVqZ3AW</string>
    <string name="j_s">{}</string>
</map>
