<?xml version='1.0' encoding='utf-8' standalone='yes' ?>
<map>
    <int name="d_ts" value="1759543107" />
    <int name="dh" value="-213586914" />
    <int name="hgt" value="5" />
    <string name="av">7.1.6</string>
    <int name="v" value="2" />
    <int name="wdt" value="2" />
    <string name="j_n">ZmpifwQIAwRubw==</string>
    <string name="i_n">ZmtjcwYABAZnbA==</string>
    <int name="r_ts" value="1759548346" />
    <string name="id">877-958-874Z</string>
    <string name="k_n">DHgLHAdAU3wZMjMNby0cH2sNE2k=</string>
    <string name="j_s">{}</string>
</map>
