<?xml version='1.0' encoding='utf-8' standalone='yes' ?>
<map>
    <string name="begin_success:877-958-874Z">4|1652198732|1759388072</string>
    <string name="media_access:877-958-874Z">6|1652198747|1759388098</string>
    <string name="Curated_content_clicks:877-958-874Z">1|1759388093|1759388093</string>
    <string name="default_launchscreen:877-958-874Z">3|1652198742|1729686500</string>
    <string name="tab_clicks:877-958-874Z">25|1652198735|1759388074</string>
    <string name="App Launched:877-958-874Z">5|1652198688|1759388069</string>
    <string name="remove_favorites_program:877-958-874Z">1|1759388096|1759388096</string>
    <string name="add_favorites_program:877-958-874Z">1|1759388096|1759388096</string>
</map>
