<?xml version='1.0' encoding='utf-8' standalone='yes' ?>
<map>
    <string name="cachedGUIDsKey:877-958-874Z">{&quot;Identity_cmlsNzEwMzMwMjA4MQ==&quot;:&quot;__g2f9190ce4d95479b89b7c45da6044730&quot;}</string>
    <string name="deviceId:877-958-874Z">__g2f9190ce4d95479b89b7c45da6044730</string>
    <int name="sexe:877-958-874Z" value="1759388097" />
    <int name="lastSessionId:877-958-874Z" value="1759388069" />
    <string name="fcm_token:877-958-874Z">cZNYm__DRNOqcRvOBdeob9:APA91bGMq4H9nz0L7_L2oVJgZx27bLm-ArmCFxYKd8CWHTIv-PN6RRMKT23Fc4fYw1a_w1-gyBzFgb_s6e8j-M7ROxZY3D4GW9uYBIe2Ugra8DJf8DPu4vo</string>
    <string name="instance:877-958-874Z">{&quot;accountId&quot;:&quot;877-958-874Z&quot;,&quot;accountToken&quot;:&quot;b5c-aab&quot;,&quot;accountRegion&quot;:&quot;in1&quot;,&quot;analyticsOnly&quot;:false,&quot;isDefaultInstance&quot;:true,&quot;useGoogleAdId&quot;:true,&quot;disableAppLaunchedEvent&quot;:false,&quot;personalization&quot;:true,&quot;debugLevel&quot;:0,&quot;createdPostAppLaunch&quot;:false,&quot;sslPinning&quot;:false,&quot;backgroundSync&quot;:true,&quot;getEnableCustomCleverTapId&quot;:false,&quot;beta&quot;:false,&quot;allowedPushTypes&quot;:[&quot;FCM&quot;,&quot;XPS&quot;,&quot;HPS&quot;,&quot;BPS&quot;,&quot;ADM&quot;]}</string>
    <int name="pfjobid" value="-1363249781" />
    <string name="ict_date:__g2f9190ce4d95479b89b7c45da6044730:877-958-874Z">02102025</string>
    <string name="SP_KEY_PROFILE_IDENTITIES:877-958-874Z">Email,Identity</string>
    <int name="comms_first_ts:877-958-874Z" value="1652198690" />
    <int name="comms_last_ts:877-958-874Z" value="1759388098" />
    <int name="istc_inapp:__g2f9190ce4d95479b89b7c45da6044730:877-958-874Z" value="0" />
</map>
