{"configs_key":{"setting_position":"middle","ssl_pining":"true","show_bottom_sheet":"true","OLD_LOGIN_ENABLE":"false","trending_search_background":"{\"lightMode\": \"#FAFAFA\", \"darkMode\":\"#212121\"}","see_more_icon":"true","defaultFeedback":"7","search_icon_position":"-1","perf_disable":"false","default_home_tv_guide":"false","DAYS_FOR_FLEXIBLE_UPDATE":"20","enable_svod_rail_check":"{\"pref\":false, \"tabId\":1}","inu":"false","search_bar_placeholder":"[\"हिन्दी\",\"मराठी\",\"മലയാളം\",\"ಕನ್ನಡ\",\"ગુજરાતી\",\"বাংলা\",\"தமிழ்\",\"తెలుగు\",\"ਪੰਜਾਬੀ\"]","dark_mode":"true","default_homepage":"0","default_svod_landscape":"0","premiumIcons":"{}","guest_tag_configuration":"{\"showTag\":true,\"showPDPTag\":true,\"tagText\":\"FREE\"}","show_watermark":"true","screenshot_users":"madhvi.bole,virensavaliya8,joshuafinny6","show_past_program_first":"false","player_seek_progress_multiple":"0.66f","show_red":"false"},"fetch_time_key":0,"abt_experiments_key":[],"personalization_metadata_key":{},"template_version_number_key":0,"rollout_metadata_key":[]}