{"Fid":"dlq35qM2QZakYraY_vyjg1","Status":3,"AuthToken":"eyJhbGciOiJFUzI1NiIsInR5cCI6IkpXVCJ9.eyJhcHBJZCI6IjE6ODAwNzk1OTE2OTk5OmFuZHJvaWQ6ZGViOWMyNzUzYzU5MGRjNCIsImV4cCI6MTc2MDE0NjU5OSwiZmlkIjoiZGxxMzVxTTJRWmFrWXJhWV92eWpnMSIsInByb2plY3ROdW1iZXIiOjgwMDc5NTkxNjk5OX0.AB2LPV8wRAIgUm3Dr1CWDd0t7pqbzTVOrmYCekB7CuHt1apox59NHEACIBcNlErlc-JquwyaU6QxjxCqOOwc6rn_g6cs1aOQlYno","RefreshToken":"3_AS3qfwLGjWqo7RKp2se5lhHFCH-MohIxR4Y1nIe8Etc2LkuPE6v31Ep7XfWVjV_piMfu-z1jHeW8qtZ5eJy38v86zr7hwtPJbpOsDPGwrtOjoOs","TokenCreationEpochInSecs":1759541797,"ExpiresInSecs":604800}