{"Fid":"cZNYm__DRNOqcRvOBdeob9","Status":3,"AuthToken":"eyJhbGciOiJFUzI1NiIsInR5cCI6IkpXVCJ9.eyJhcHBJZCI6IjE6ODAwNzk1OTE2OTk5OmFuZHJvaWQ6ZGViOWMyNzUzYzU5MGRjNCIsImV4cCI6MTc1OTk5Mjg2OSwiZmlkIjoiY1pOWW1fX0RSTk9xY1J2T0JkZW9iOSIsInByb2plY3ROdW1iZXIiOjgwMDc5NTkxNjk5OX0.AB2LPV8wRQIgENDfz9CjnlxDLHUguIWCjMO6gCZofUQ3L6cp-56mFi0CIQCRJb0uYU7anoVZay2hozJ3UOAI7HxF2Hy1oPuCcsniTQ","RefreshToken":"2_V9FrDevSkvY54BPkB4hjzXEz5DQSSJe-qwJFAlD3VVA6dVNXao_so-ZMROt4VWsS","TokenCreationEpochInSecs":1759388068,"ExpiresInSecs":604800}